"","month","re_china_average","re_seoul_average"
"1"," 1",101.013888888889,47.625
"2"," 2",105.863095238095,50.3214285714286
"3"," 3",93.6129032258064,60.8709677419355
"4"," 4",98.1833333333333,59.5
