"","month","shanghai_pm10","seoul_pm10"
"1",1,55.7777777777778,49.5185185185185
"2",2,62.448275862069,48.5862068965517
"3",3,60.6451612903226,65
"4",4,59.6153846153846,61.3076923076923
