"","month","shanghai_pm10","seoul_pm10"
"1",1,46.5161290322581,52.1290322580645
"2",2,51.0357142857143,50.3214285714286
"3",3,49.0645161290323,60.8709677419355
"4",4,57.6,59.5
