"","month","beijing_pm10","seoul_pm10"
"1",1,46.8965517241379,49.5862068965517
"2",2,41.4642857142857,48.0357142857143
"3",3,75.1034482758621,66.0689655172414
"4",4,66.1538461538462,60.1153846153846
