"","month","beijing_pm10","seoul_pm10"
"1",1,69.9230769230769,50.5384615384615
"2",2,60.1111111111111,49
"3",3,66.9032258064516,60.8709677419355
"4",4,80.1333333333333,59.5
