"","month","shandong_average","seoul_average"
"1",1,113.805555555556,50.1666666666667
"2",2,118.810256410256,60.3076923076923
"3",3,108.816,55.24
"4",4,103.163218390805,45.4137931034483
