"","month","shandong_average","seoul_average"
"1",1,110.32619047619,56.9285714285714
"2",2,103.909523809524,57.8214285714286
"3",3,85.5666666666667,54.2857142857143
"4",4,82.2711111111111,44.6666666666667
