"","month","shandong_average","seoul_average"
"1",1,109.958333333333,49.625
"2",2,103.495238095238,48.0357142857143
"3",3,116.180952380952,65.5714285714286
"4",4,108.127536231884,58.6521739130435
