"","month","shandong_average","seoul_average"
"1",1,97.0222222222222,43.9666666666667
"2",2,59.6712643678161,41.9655172413793
"3",3,74.4064516129032,47.5806451612903
"4",4,74.35,46.75
