"","month","shandong_average","seoul_average"
"1",1,113.923076923077,58
"2",2,107.297222222222,45.0833333333333
"3",3,128.347619047619,57.1428571428571
"4",4,124.050574712644,54.9655172413793
