"","month","shandong_average","seoul_average"
"1",1,106.866666666667,47.32
"2",2,111.52619047619,50.3214285714286
"3",3,97.4924731182796,60.8709677419355
"4",4,101.275555555556,59.5
